date,price,long,model,actions
2018-05-14,1100.199951,1000000.0,1000000.0,4
2018-05-15,1079.22998,999000.9990009991,1000000.0,8
2018-05-16,1081.77002,979959.894737196,999000.9990009991,8
2018-05-17,1078.589966,982266.2959465362,1001352.2147238076,8
2018-05-18,1066.359985,979378.7507144269,998408.5630631329,8
2018-05-21,1079.579956,968273.7118297603,987087.7477937469,8
2018-05-22,1069.72998,980277.6791302135,999324.9581015666,8
2018-05-23,1079.689941,971333.7268466383,990207.2204122043,8
2018-05-24,1079.23999,980377.5474539443,999426.7669161024,8
2018-05-25,1075.660034,979968.9839940997,999010.2648666489,8
2018-05-29,1060.319946,976718.320678646,995696.4395591092,8
2018-05-30,1067.800049,962789.2496740217,981496.7198323063,8
2018-05-31,1084.98999,969581.3153915653,988420.7587379251,8
2018-06-01,1119.5,985190.0856120689,1004332.8150651301,8
2018-06-04,1139.290039,1016525.7845767877,1036277.3821216665,8
2018-06-05,1139.660034,1034495.489732018,1054596.2475142574,8
2018-06-06,1136.880005,1034831.451730825,1054938.737420464,8
2018-06-07,1123.859985,1032307.1362682334,1052365.373262945,8
2018-06-08,1120.869995,1020484.7280094523,1040313.2497785578,8
2018-06-11,1129.98999,1017769.7642482851,1037545.5329319566,8
2018-06-12,1139.319946,1026050.8808831322,1045987.5557488952,8
2018-06-13,1134.790039,1034522.6458165551,1054623.9312549161,8
2018-06-14,1152.119995,1030409.4102049116,1050430.773445881,8
2018-06-15,1152.26001,1046145.3165198569,1066472.4361845711,8
2018-06-18,1173.459961,1046272.4526142986,1066602.0425960564,8
2018-06-19,1168.060059,1065522.382782467,1086226.008405246,8
2018-06-20,1169.839966,1060619.1763356712,1081227.5302379627,8
2018-06-21,1157.660034,1062235.3633474165,1082875.1205607676,8
2018-06-22,1155.47998,1051175.7698392502,1071600.63369397,8
2018-06-25,1124.810059,1049196.2422798313,1069582.6429373787,8
2018-06-26,1118.459961,1021347.4119918158,1041192.696136344,3
2018-06-27,1103.97998,1015581.4107845007,1035055.830015974,8
2018-06-28,1114.219971,1002433.332136281,1024744.8542638123,8
2018-06-29,1115.650024,1011731.4249324704,1034249.8980825939,8
2018-07-02,1127.459961,1013029.9383293543,1035577.3129629566,8
2018-07-03,1102.890015,1023753.5698387133,1046539.624226907,8
2018-07-05,1124.27002,1001443.624653667,1023733.1185029176,8
2018-07-06,1140.170044,1020857.0470358739,1043578.6324658471,8
2018-07-09,1154.050049,1035294.5498240738,1058337.475988237,8
2018-07-10,1152.839966,1047897.8396611034,1071221.2818167682,8
2018-07-11,1153.900024,1046799.0629116814,1070098.0491948489,8
2018-07-12,1183.47998,1047761.6143097582,1071082.0244483866,8
2018-07-13,1188.819946,1074620.7371151596,1098538.9604884316,8
2018-07-16,1183.859985,1079469.5206147248,1103495.6651203793,8
2018-07-17,1198.800049,1074965.7883708703,1098891.6916750465,8
2018-07-18,1195.880005,1088531.6305139943,1112759.4736853433,8
2018-07-19,1186.959961,1085880.178956961,1110049.0078096634,8
2018-07-20,1184.910034,1077780.621363786,1101769.175426465,8
2018-07-23,1205.5,1075919.2514200609,1099866.376297022,8
2018-07-24,1248.079956,1094615.3044281532,1118978.5541355792,8
2018-07-25,1263.699951,1133278.6569785285,1158502.450941914,8
2018-07-26,1268.329956,1147461.8884858626,1173001.3637753483,8
2018-07-27,1238.5,1151666.014850507,1177299.0629047886,8
2018-07-30,1219.73999,1124579.8876269332,1149610.0699269306,8
2018-07-31,1217.26001,1107545.4670070864,1132196.5080311454,8
2018-08-01,1220.01001,1105293.601339168,1129894.5217725928,8
2018-08-02,1226.150024,1107790.6499390663,1132447.1480885388,8
2018-08-03,1223.709961,1113365.891161632,1138146.4794764211,8
2018-08-06,1224.77002,1111150.2708351545,1135881.5452850154,8
2018-08-07,1242.219971,1112112.8231412487,1136865.521466781,8
2018-08-08,1245.609985,1127957.6870368286,1153063.0502429872,8
2018-08-09,1249.099976,1131035.879659496,1156209.7553149236,8
2018-08-10,1237.609985,1134204.853165026,1159449.261812747,8
2018-08-13,1235.01001,1123771.7382779736,1148783.9333048991,8
2018-08-14,1242.099976,1121410.9150294208,1146370.5643573347,8
2018-08-15,1214.380005,1127848.729456194,1152951.6675539755,8
2018-08-16,1206.48999,1102678.5059017316,1127221.2212078453,8
2018-08-17,1200.959961,1095514.23284394,1119897.4903270423,8
2018-08-20,1207.77002,1090492.8687814502,1114764.363944008,8
2018-08-21,1201.619995,1096676.5227055138,1121085.6496954786,8
2018-08-22,1207.329956,1091092.1913180265,1115377.0258195784,8
2018-08-23,1205.380005,1096276.936816399,1120677.1700783512,8
2018-08-24,1220.650024,1094506.3468475188,1118867.1714465676,8
2018-08-27,1241.819946,1108371.7939618356,1133041.2268445292,8
2018-08-28,1231.150024,1127594.4572673107,1152691.7359367923,8
2018-08-29,1249.300049,1117905.9795250837,1142787.6182326865,8
2018-08-30,1239.119995,1134386.5229848542,1159634.9751236234,8
2018-08-31,1218.189941,1125142.8540439128,1150185.5664915687,8
2018-09-04,1197.0,1106137.9951215505,1130757.7095335433,8
2018-09-05,1186.47998,1086897.1542102857,1111088.618249928,8
2018-09-06,1171.439941,1077344.7901332304,1101323.6437421907,8
2018-09-07,1164.829956,1063688.1689232793,1087363.0621624622,8
2018-09-10,1164.640015,1057686.1857270612,1081227.4906500957,8
2018-09-11,1177.359985,1057513.7159422927,1081051.1821427948,8
2018-09-12,1162.819946,1069063.6734983833,1092858.2112919015,8
2018-09-13,1175.329956,1055861.0611247772,1079361.7435877996,8
2018-09-14,1172.530029,1067220.3712903094,1090973.882038253,8
2018-09-17,1156.050049,1064677.9880920667,1088374.9120953702,8
2018-09-18,1161.219971,1049713.875006484,1073077.7373192746,8
2018-09-19,1171.089966,1054408.2555489144,1077876.6023914884,8
2018-09-20,1186.869995,1063370.3854382792,1087038.2056552174,8
2018-09-21,1166.089966,1077698.9306458447,1101685.6664885958,8
2018-09-24,1173.369995,1058830.2970748278,1082397.066898952,4
2018-09-25,1184.650024,1065440.6920645258,1089154.591846679,8
2018-09-26,1180.48999,1075683.1577449848,1099625.0277994187,8
2018-09-27,1194.640015,1071905.7733539923,1095763.5687944624,8
2018-09-28,1193.469971,1084754.2461230017,1108898.014680387,8
2018-10-01,1195.310059,1083691.8254931765,1107811.9473694,8
2018-10-02,1200.109985,1085362.6579164818,1109519.9681157477,8
2018-10-03,1202.949951,1089721.0755520875,1113975.392632909,8
2018-10-04,1168.189941,1092299.8148699272,1116611.527886724,8
2018-10-05,1157.349976,1060737.1114870356,1084346.3219708898,8
2018-10-08,1148.969971,1050894.2316956914,1074284.3656352777,8
2018-10-09,1138.819946,1043285.0390584583,1066505.8124386382,8
2018-10-10,1081.219971,1034068.63698021,1057084.2775577258,8
2018-10-11,1079.319946,981766.8417336906,1003618.3822912425,8
2018-10-12,1110.079956,980041.5854551373,1001854.726358168,8
2018-10-15,1092.25,1007972.2181472676,1030407.0212689899,8
2018-10-16,1121.280029,991782.3029959771,1013856.7613061686,8
2018-10-17,1115.689941,1018142.082366689,1040803.2398436501,8
2018-10-18,1087.969971,1013066.183670795,1035614.3650301035,8
2018-10-19,1096.459961,987895.9610243501,1009883.9196122007,8
2018-10-22,1101.160034,995605.0219853141,1017764.5639380618,8
2018-10-23,1103.689941,999872.7713322486,1022127.302129577,8
2018-10-24,1050.709961,1002169.9715985116,1024475.6320150666,8
2018-10-25,1095.569946,954063.213459733,975298.1443182337,8
2018-10-26,1071.469971,994796.8726363546,1016938.4273160304,8
2018-10-29,1020.080017,972913.6694249603,994568.161716525,8
2018-10-30,1036.209961,926250.6829942188,946866.5802781062,8
2018-10-31,1076.77002,940896.9572057236,961838.8419250642,8
2018-11-01,1070.0,977726.2075830847,999487.814281326,8
2018-11-02,1057.790039,971578.909778618,993203.6938407877,8
2018-11-05,1040.089966,960492.0494077588,981870.0691988701,8
2018-11-06,1055.810059,944420.0703158503,965440.3702410648,8
2018-11-07,1093.390015,958694.1925761853,980032.1968159439,8
2018-11-08,1082.400024,992817.4567631091,1014914.9548660134,8
2018-11-09,1066.150024,982838.3507124019,1004713.740233792,8
2018-11-12,1038.630005,968083.0635311846,989630.0392759296,8
2018-11-13,1036.050049,943094.3999264118,964085.1939251176,8
2018-11-14,1043.660034,940751.7542836483,961690.4071689057,8
2018-11-15,1064.709961,947661.7551525565,968754.2064325254,8
2018-11-16,1061.48999,966775.4608773971,988293.3328357767,8
2018-11-19,1020.0,963851.670303847,985304.4663953467,8
2018-11-20,1025.76001,926178.0261441031,946792.3062781341,8
2018-11-21,1037.609985,931408.217018976,952138.9074076293,8
2018-11-23,1023.8800050000001,942168.2037399142,963138.3830542846,8
2018-11-26,1048.619995,929701.13925423,950393.8345941349,8
2018-11-27,1044.410034,952165.4873964111,973358.1798778584,8
2018-11-28,1086.22998,948342.7684070742,969450.3772459652,8
2018-11-29,1088.300049,986316.0184460281,1008268.8116790702,8
2018-11-30,1094.430054,988195.6776817164,1010190.3071718788,8
2018-12-03,1106.430054,993761.8305553963,1015880.3479281989,8
2018-12-04,1050.819946,1004658.0426276798,1027019.0809432358,8
2018-12-06,1068.72998,954163.0817834638,975400.2354474553,8
2018-12-07,1036.579956,970425.7091739479,992024.8260321415,8
2018-12-10,1039.550049,941232.9192045308,962182.2815518891,8
2018-12-11,1051.75,943929.8161380644,964939.2042982915,8
2018-12-12,1063.680054,955007.5872520201,976263.5373804192,8
2018-12-13,1061.900024,965840.2871201696,987337.3445771668,8
2018-12-14,1042.099976,964223.9884222508,985685.0713331039,8
2018-12-17,1016.5300289999999,946245.1949181346,967306.1173033611,8
2018-12-18,1028.709961,923027.2311523802,943571.3828998907,8
2018-12-19,1023.01001,934086.8246605464,954877.1337906661,8
2018-12-20,1009.409973,928911.1684190776,949586.2810916834,8
2018-12-21,979.5399779999999,916562.0944738358,936962.3493302149,8
2018-12-24,976.2199710000001,889439.6111306648,909236.1910414242,8
2018-12-26,1039.459961,886424.9861012095,906154.4684096699,8
2018-12-27,1043.880005,943848.0146419671,964855.5821166367,8
2018-12-28,1037.079956,947861.4927080359,968958.3896191963,8
2018-12-31,1035.609985,941686.9280408758,962646.3954275156,8
2019-01-02,1045.849976,940352.1683945337,961281.9275517784,8
2019-01-03,1016.0599980000001,949650.2611907232,970786.97137056,8
2019-01-04,1070.709961,922600.4346976681,943135.0870817417,8
2019-01-07,1068.390015,972223.566913539,993862.6993432952,8
2019-01-08,1076.280029,970117.0149458516,991709.2610846866,8
2019-01-09,1074.660034,977281.2870956257,999032.9910372619,8
2019-01-10,1070.329956,975810.3030059556,997529.2667213706,8
2019-01-11,1057.189941,971878.5156578283,993509.9681566803,8
2019-01-14,1044.689941,959947.1498184127,981313.0415817987,8
2019-01-15,1077.150024,948596.928909784,969710.1946911353,8
2019-01-16,1080.969971,978071.2579307779,999840.5445397133,8
2019-01-17,1089.900024,981539.8373155181,1003386.3253534292,8
2019-01-18,1098.26001,989648.4832575792,1011675.44836819,8
2019-01-22,1070.52002,997239.4982890225,1019435.4193734771,8
2019-01-23,1075.569946,972051.0971287703,993686.3908359944,8
2019-01-24,1073.900024,976636.5191825487,998373.8722909689,8
2019-01-25,1090.98999,975120.2004945343,996823.8043481408,8
2019-01-28,1070.079956,990638.1916482106,1012687.1850573124,8
2019-01-29,1060.619995,971651.5112396557,993277.911218867,8
2019-01-30,1089.060059,963061.6994686947,984496.9128928953,8
2019-01-31,1116.369995,988885.7801931377,1010895.7695451087,8
2019-02-01,1110.75,1013683.6847211787,1036245.6100252541,8
2019-02-04,1132.800049,1008580.6299407476,1031028.9747043505,8
2019-02-05,1145.98999,1028602.4641164346,1051496.4421026406,8
2019-02-06,1115.22998,1040579.163646177,1063739.7113762314,8
2019-02-07,1098.709961,1012648.5309540468,1035187.4164654093,8
2019-02-08,1095.060059,997648.0617488673,1019853.0763783812,8
2019-02-11,1095.01001,994333.8862292795,1016465.136052627,8
2019-02-12,1121.369995,994288.4408527791,1016418.6791819046,8
2019-02-13,1120.160034,1018223.7730846303,1040886.7487815194,8
2019-02-14,1121.670044,1017125.1071133642,1039763.6294033855,8
2019-02-15,1113.650024,1018496.2228793033,1041165.2625900551,8
2019-02-19,1118.560059,1011213.9029839736,1033720.8574604505,8
2019-02-20,1113.800049,1015672.3015375015,1038278.4882070742,8
2019-02-21,1096.969971,1011350.128335319,1033860.1148288321,8
2019-02-22,1110.369995,996068.1200785629,1018237.9693734783,8
2019-02-25,1109.400024,1008235.578685037,1030676.2435177356,8
2019-02-26,1115.130005,1007354.8278750399,1029775.889517625,8
2019-02-27,1116.050049,1012557.7518872195,1035094.6168959778,8
2019-02-28,1119.920044,1013393.1680988722,1035948.6272691515,8
2019-03-01,1140.98999,1016907.1919520953,1039540.8640253622,8
2019-03-04,1147.800049,1036039.0752827255,1059098.572619966,8
2019-03-05,1162.030029,1042222.729206789,1065419.8583714366,8
2019-03-06,1157.859985,1055143.8025288186,1078628.5207072129,8
2019-03-07,1143.300049,1051357.3288809224,1074757.7701424665,8
2019-03-08,1142.319946,1038136.6496796827,1061242.8334907978,8
2019-03-11,1175.76001,1037246.698834626,1060333.0746871114,8
2019-03-12,1193.199951,1067610.8679225205,1091373.0700955903,8
2019-03-13,1193.319946,1083446.6425611968,1107561.3073120066,8
2019-03-14,1185.550049,1083555.6001418312,1107672.690001018,8
2019-03-15,1184.459961,1076500.3963508478,1100460.4559812401,8
2019-03-18,1184.26001,1075510.5771820603,1099448.6060483323,8
2019-03-19,1198.849976,1075329.0181403882,1099263.0059812414,8
2019-03-20,1223.969971,1088576.9651123385,1112805.8173122802,8
2019-03-21,1231.540039,1111386.3645102305,1136122.8937826187,8
2019-03-22,1205.5,1118260.120037698,1143149.6409790914,8
2019-03-25,1193.0,1094615.3044281532,1118978.5541355792,8
2019-03-26,1184.619995,1083265.0835195247,1107375.7072449157,8
2019-03-27,1173.02002,1075655.8908822916,1099597.1540482764,8
2019-03-28,1168.48999,1065122.9085795258,1088829.7353394344,8
2019-03-29,1173.310059,1061009.5612817088,1084624.8357794255,8
2019-04-01,1194.430054,1065386.2691172953,1089098.95758818,8
2019-04-02,1200.48999,1084563.597824426,1108703.1230535062,8
2019-04-03,1205.920044,1090066.1268077982,1114328.1238195237,8
2019-04-04,1215.0,1094996.7118034607,1119368.4506331265,8
2019-04-05,1207.150024,1103241.4723187112,1127796.7177724834,8
2019-04-08,1203.839966,1096113.5553805165,1120510.1522026127,8
2019-04-09,1197.25,1093107.9642188866,1117437.6645087556,8
2019-04-10,1202.160034,1087124.1586284584,1111320.6751877414,8
2019-04-11,1204.619995,1091582.5562739687,1115878.3050061374,8
2019-04-12,1217.869995,1093816.2443360975,1118161.7090733377,8
2019-04-15,1221.099976,1105847.478499244,1130460.7267774409,8
2019-04-16,1227.130005,1108780.3583296977,1133458.884777661,8
2019-04-17,1236.339966,1114255.7312285327,1139056.1250363218,8
2019-04-18,1236.369995,1122618.5385813212,1147605.0664244804,8
2019-04-22,1248.839966,1122645.8054440145,1147632.9401756227,8
2019-04-23,1264.550049,1133968.75948995,1159207.9133151437,8
2019-04-24,1256.0,1148233.7924933813,1173790.4483302329,8
2019-04-25,1263.449951,1140470.1968990134,1165854.0555738593,8
2019-04-26,1272.180054,1147234.88406769,1172769.306837535,8
2019-04-29,1287.579956,1155161.9718760967,1180872.8307134325,8
2019-04-30,1188.47998,1169145.3550497952,1195167.4471164104,8
2019-05-01,1168.079956,1079160.825478611,1103180.0992446968,8
2019-05-02,1162.609985,1060637.2431633049,1084244.230841668,8
2019-05-03,1185.400024,1055670.4128262014,1079166.8519609186,8
2019-05-06,1189.390015,1076364.1709995025,1100321.1986128585,8
2019-05-07,1174.099976,1079987.1533413776,1104024.8189863083,8
2019-05-08,1166.27002,1066103.5277132539,1089832.1804687667,8
2019-05-09,1162.380005,1058993.7892888663,1082564.1980184761,8
2019-05-10,1164.27002,1055461.586921836,1078953.3781426854,8
2019-05-13,1132.030029,1057177.7539434857,1080707.74251597,8
2019-05-14,1120.439941,1027903.2723481096,1050781.6881696207,8
2019-05-15,1164.209961,1017379.267616074,1040023.4468485556,8
2019-05-16,1178.97998,1057123.2193100818,1080651.9940854574,8
2019-05-17,1162.300049,1070534.6575880533,1094361.9356077928,8
2019-05-20,1138.849976,1055388.9854607983,1078879.1607646062,8
2019-05-21,1149.630005,1034095.9047509208,1057112.1522370959,8
2019-05-22,1151.420044,1043884.3615950347,1067118.4743142086,8
2019-05-23,1140.77002,1045509.7486418396,1068780.038189834,8
2019-05-24,1133.469971,1035839.3386352637,1058894.3903615228,8
2019-05-28,1134.150024,1029210.7651317586,1052118.2822942156,8
2019-05-29,1116.459961,1029828.2652741248,1052749.5263611386,8
2019-05-30,1117.949951,1013765.37543912,1036329.1189631233,8
2019-05-31,1103.630005,1015118.3126912519,1037712.1690302129,8
2019-06-03,1036.22998,1002115.548651281,1024419.9977565673,8
2019-06-04,1053.050049,940915.1348115132,961857.4241164166,8
2019-06-05,1042.219971,956188.0547193834,977470.278940208,8
2019-06-06,1044.339966,946354.152498769,967417.4999923726,8
2019-06-07,1066.040039,948279.1454247842,969385.3381838904,8
2019-06-10,1080.380005,967983.1952074537,989527.948146708,8
2019-06-11,1078.719971,981004.1377612316,1002838.7025399334,8
2019-06-12,1077.030029,979496.7975519649,1001297.8129131098,8
2019-06-13,1088.77002,977962.3003501433,999729.1618507017,8
2019-06-14,1085.349976,988622.4196553683,1010626.5472963629,8
2019-06-17,1092.5,985516.9592619899,1007451.9675450564,8
2019-06-18,1103.599976,992009.3074141497,1014088.8182439819,8
2019-06-19,1102.329956,1002088.2817885878,1024392.124005425,8
2019-06-20,1111.420044,1000935.0811839178,1023213.2561967786,8
2019-06-21,1121.880005,1009189.0417342277,1031650.9281397111,8
2019-06-24,1115.52002,1018686.871177879,1041360.154216936,8
2019-06-25,1086.349976,1012911.8923998338,1035456.6396423826,8
2019-06-26,1079.800049,986424.9769346802,1008380.1952963095,8
2019-06-27,1076.01001,980477.5274638488,1002300.3712862277,8
2019-06-28,1080.910034,977036.1050716634,998782.3519080962,8
2019-07-01,1097.949951,981485.41346027,1003330.6901667024,8
2019-07-02,1111.25,996957.959237446,1019147.6140051514,8
2019-07-03,1121.579956,1009034.6387770928,1031493.088579977,8
2019-07-05,1131.589966,1018414.421383206,1041081.6404084002,8
2019-07-08,1116.349976,1027503.6873670126,1050373.209480721,8
2019-07-09,1124.829956,1013665.5071153891,1036227.0278339017,8
2019-07-10,1140.47998,1021365.4788194494,1044098.3805999728,8
2019-07-11,1144.209961,1035575.9771894768,1058625.1671845494,8
2019-07-12,1144.900024,1038962.8658562758,1062087.439060396,8
2019-07-15,1150.339966,1039589.4552555454,1062727.974687109,8
2019-07-16,1153.579956,1044529.0187299557,1067777.4798167162,8
2019-07-17,1146.349976,1047470.9869092955,1070784.9284484985,8
2019-07-18,1146.329956,1040906.0372960981,1064073.8603714937,8
2019-07-19,1130.099976,1040887.8587822908,1064055.277251914,8
2019-07-22,1138.069946,1026150.7501148807,1048990.1594136313,8
2019-07-23,1146.209961,1033387.6237256923,1056388.106744286,8
2019-07-24,1137.810059,1040778.9012016563,1063943.8945629022,8
2019-07-25,1132.119995,1033151.6417367897,1056146.8724186958,8
2019-07-26,1250.410034,1027984.9630660509,1050865.19710749,8
2019-07-29,1239.410034,1135394.4089812755,1160665.2940040983,8
2019-07-30,1225.140015,1125406.214581682,1150454.7887403143,8
2019-07-31,1216.680054,1112448.7851400557,1137208.9610936057,8
2019-08-01,1209.01001,1104766.991041785,1129356.190518887,8
2019-08-02,1193.98999,1097802.4555394729,1122236.6428247548,8
2019-08-05,1152.319946,1084164.0119353114,1108294.6434363788,8
2019-08-06,1169.949951,1046326.8755615291,1069615.3521996422,8
2019-08-07,1173.98999,1062335.2316711473,1085980.0120953727,8
2019-08-08,1204.800049,1066003.6584815052,1089730.0884113174,8
2019-08-09,1188.01001,1093979.736550136,1118328.8401928619,8
2019-08-12,1174.709961,1078734.0844129766,1102743.8600484403,8
2019-08-13,1197.27002,1066657.40487333,1090398.3854736148,8
2019-08-14,1164.290039,1087142.3371422656,1111339.2583073212,8
2019-08-15,1167.26001,1057195.9315492753,1080726.3247073223,8
2019-08-16,1177.599976,1059892.717704653,1083483.134209939,8
2019-08-19,1198.449951,1069281.58956767,1093080.9775981524,8
2019-08-20,1182.689941,1088213.7353428209,1112434.5030060853,8
2019-08-21,1191.25,1073903.367741045,1097805.6243640594,8
2019-08-22,1189.530029,1081676.0525923166,1105751.3086802228,8
2019-08-23,1151.290039,1080114.2885278019,1104154.7838666723,8
2019-08-26,1168.890015,1045391.7018043015,1068659.3639410324,8
2019-08-27,1167.839966,1061372.7910512267,1084996.1500856203,8
2019-08-28,1171.02002,1060419.3280020359,1084021.4654636448,8
2019-08-29,1192.849976,1063306.8732341453,1086973.2798369282,8
2019-08-30,1188.099976,1083128.8590761968,1107236.4508047616,8
2019-09-03,1168.390015,1078815.775130918,1102827.3689863097,8
2019-09-04,1181.410034,1060918.7822148814,1084532.0362099938,8
2019-09-05,1211.380005,1072741.1895656448,1096617.579167636,8
2019-09-06,1204.930054,1099954.4528836606,1124436.537954086,8
2019-09-09,1204.410034,1094097.783387674,1118449.5144416634,8
2019-09-10,1206.0,1093625.5960375217,1117966.8174464568,8
2019-09-11,1220.170044,1095069.3132644985,1119442.6680112057,8
2019-09-12,1234.25,1107935.9636392975,1132595.6960884829,8
2019-09-13,1239.560059,1120720.8125179994,1145665.101984105,8
2019-09-16,1231.300049,1125542.4399330274,1150594.0461086961,8
2019-09-17,1229.150024,1118042.204876429,1142926.8756010681,8
2019-09-18,1232.410034,1116089.944179703,1140931.1627301804,8
2019-09-19,1238.709961,1119050.09087285,1143957.1944815428,8
2019-09-20,1229.930054,1124770.535925509,1149804.9615538113,8
2019-09-23,1234.030029,1116798.2252049316,1141655.2082229902,8
2019-09-24,1218.76001,1120521.07496252,1145460.918797434,8
2019-09-25,1246.52002,1106655.6278482033,1131286.8633994723,8
2019-09-26,1241.390015,1131862.2075222626,1157054.475056535,8
2019-09-27,1225.089966,1127204.0723212732,1152292.6620514682,8
2019-09-30,1219.0,1112403.3397635554,1137162.5042228834,8
2019-10-01,1205.099976,1106873.5430094723,1131509.6287774956,8
2019-10-02,1176.630005,1094252.075566653,1118607.2407576118,8
2019-10-03,1187.829956,1068400.8387576728,1092180.6235980417,8
2019-10-04,1209.0,1078570.5921989381,1102576.7289289164,8
2019-10-07,1207.680054,1097793.3662825692,1122227.351264965,8
2019-10-08,1189.130005,1096594.8319875724,1121002.1407576094,8
2019-10-09,1202.310059,1079751.0596663016,1103783.4704887052,8
2019-10-10,1208.670044,1091718.781625314,1116017.5623745192,8
2019-10-11,1215.449951,1097493.760403359,1121921.0769490723,8
2019-10-14,1217.140015,1103650.0357785558,1128214.3747773874,8
2019-10-15,1243.01001,1105184.6437585333,1129783.139083581,8
2019-10-16,1243.640015,1128675.056410943,1153796.3863673594,8
2019-10-17,1253.069946,1129247.1120848262,1154381.1744917876,8
2019-10-18,1245.48999,1137809.6560850765,1163134.2981383894,8
2019-10-21,1246.150024,1130926.9220788616,1156098.372625912,8
2019-10-22,1242.800049,1131526.2446154382,1156711.0345014827,8
2019-10-23,1259.130005,1128484.4081123674,1153601.4947404785,8
2019-10-24,1260.98999,1143312.2967546224,1168759.41307642,8
2019-10-25,1265.130005,1145001.1960055612,1170485.9027703346,8
2019-10-28,1290.0,1148760.402790764,1174328.7795839387,8
2019-10-29,1262.619995,1171342.7977704834,1197413.7991164639,8
2019-10-30,1261.290039,1146481.2693521348,1171998.918646016,8
2019-10-31,1260.109985,1145273.6458002343,1170764.4165788703,8
2019-11-01,1273.73999,1144202.1359135055,1169669.0577080932,8
2019-11-04,1291.369995,1156578.4213323626,1182320.8065988114,8
2019-11-05,1292.030029,1172586.7774419808,1198685.4664945418,8
2019-11-06,1291.800049,1173186.0999785573,1199298.1283701123,8
2019-11-07,1308.859985,1172977.274074192,1199084.654551879,8
2019-11-08,1311.369995,1188467.9974571574,1214920.1605816805,8
2019-11-11,1299.189941,1190747.1308957867,1217250.0215196032,8
2019-11-12,1298.800049,1179687.4266094647,1205944.1573850424,8
2019-11-13,1298.0,1179333.397783024,1205582.2488106505,8
2019-11-14,1311.459961,1178606.9391520058,1204839.6211264883,8
2019-11-15,1334.869995,1190828.821613728,1217333.5304574724,8
2019-11-18,1320.699951,1212085.5462040086,1239063.3736740504,8
2019-11-19,1315.459961,1199218.8958292096,1225910.3455967733,8
2019-11-20,1303.050049,1194460.8923044892,1221046.4414624847,8
2019-11-21,1301.349976,1183192.4728919577,1209527.216753476,8
2019-11-22,1295.339966,1181648.776563094,1207949.1618157201,8
2019-11-25,1306.689941,1176191.5812700486,1202370.5037484118,8
2019-11-26,1313.550049,1186497.5591546418,1212905.8655194403,8
2019-11-27,1312.98999,1192726.6584552058,1219273.6081416334,8
2019-11-29,1304.959961,1192218.1149854567,1218753.7458354945,8
2019-12-02,1289.920044,1184926.706741241,1211300.0500743275,8
2019-12-03,1295.280029,1171270.1963094457,1197339.5817383847,8
2019-12-04,1320.540039,1176137.1574148007,1202314.8685616849,8
2019-12-05,1328.130005,1199073.6929071343,1225761.910840615,8
2019-12-06,1340.619995,1205965.5161702528,1232807.1279128822,8
2019-12-09,1343.560059,1217306.647821978,1244400.6832437555,8
2019-12-10,1344.660034,1219976.2778928184,1247129.7322390156,8
2019-12-11,1345.02002,1220975.074632336,1248150.7595597003,8
2019-12-12,1350.27002,1221301.948282257,1248484.9085549628,8
2019-12-13,1347.829956,1226069.041063881,1253358.1042490415,8
2019-12-16,1361.170044,1223853.4198293858,1251093.169129408,8
2019-12-17,1355.119995,1235966.4554886294,1263475.809015166,8
2019-12-18,1352.619995,1230472.9040759872,1257859.985636925,8
2019-12-19,1356.040039,1228202.8598942615,1255539.4162587924,8
2019-12-20,1349.589966,1231308.3202876397,1258713.996010099,8
2019-12-23,1348.839966,1225451.5400134975,1252726.8592538908,8
2019-12-24,1343.560059,1224770.5267589795,1252030.6884404512,8
2019-12-26,1360.400024,1219976.2778928184,1247129.7322390156,8
2019-12-27,1351.890015,1235267.2637203045,1262761.055082146,8
2019-12-30,1336.140015,1227540.025153551,1254861.8285649328,8
2019-12-31,1337.02002,1213238.7468086788,1240242.2414826967,8
2020-01-02,1367.369995,1214037.8069007345,1241059.0865449382,8
2020-01-03,1360.660034,1241596.1205664433,1269230.7755897753,8
2020-01-06,1394.209961,1235503.3573953807,1263002.4035797494,8
2020-01-07,1393.339966,1265967.28402885,1294144.3768736643,8
2020-01-08,1404.319946,1265177.313193698,1293336.8233712127,8
2020-01-09,1419.829956,1275147.3290794839,1303528.7455154166,8
2020-01-10,1429.72998,1289230.692263087,1317925.5672196292,8
2020-01-13,1439.22998,1298220.0890151453,1327115.0442345007,8
2020-01-14,1430.880005,1306846.256905703,1335933.207871405,8
2020-01-15,1439.199951,1299264.332039181,1328182.5293541355,8
2020-01-16,1451.699951,1306818.9900430099,1335905.3341202624,8
2020-01-17,1480.390015,1318169.2109516386,1347508.181010926,8
2020-01-21,1484.400024,1344220.2960942541,1374139.0946009525,8
2020-01-22,1485.949951,1347861.4551339014,1377861.2962375272,8
2020-01-23,1486.650024,1349268.8162412813,1379299.9814913436,8
2020-01-24,1466.709961,1349904.4948974545,1379949.8086778466,8
2020-01-27,1433.900024,1331798.5652988965,1361440.888839512,8
2020-01-28,1452.560059,1302006.5626630413,1330985.794799247,8
2020-01-29,1458.630005,1318950.2042160607,1348306.5571256005,8
2020-01-30,1455.839966,1324461.8224563366,1353940.8494514083,8
2020-01-31,1434.22998,1321928.4177368414,1351351.05782453,8
2020-02-03,1485.939941,1302306.1685422517,1331292.0691151395,8
2020-02-04,1447.069946,1349259.7269843777,1379290.6899315536,8
2020-02-05,1448.22998,1313965.084586994,1343210.4818814853,8
2020-02-06,1476.22998,1315018.4159599158,1344287.2576326826,8
2020-02-07,1479.22998,1340442.9107952442,1370277.6346677686,8
2020-02-10,1508.680054,1343166.963813315,1373062.317921528,8
2020-02-11,1508.790039,1369908.151467352,1400398.6938847841,8
2020-02-12,1518.27002,1370008.0197910827,1400500.7850140058,8
2020-02-13,1514.660034,1378616.0100758509,1409300.3664595576,8
2020-02-14,1520.73999,1375338.0789896864,1405949.4772727226,8
2020-02-18,1519.670044,1380858.786486866,1411593.0611583204,8
2020-02-19,1526.689941,1379887.2566100415,1410599.907588778,8
2020-02-20,1518.150024,1386261.4471465072,1417115.9707951164,8
2020-02-21,1485.109985,1378507.0515871989,1409188.9828423185,8
2020-02-24,1421.589966,1348506.1122688223,1378520.3017400345,8
2020-02-25,1388.449951,1290828.8124471987,1319559.257344112,8
2020-02-26,1393.180054,1260737.0931539773,1288797.775744169,8
2020-02-27,1318.089966,1265032.1102716224,1293188.3886150543,8
2020-02-28,1339.329956,1196848.9833237529,1223487.6850894191,8
2020-03-02,1389.109985,1216135.2696115181,1243203.233243757,8
2020-03-03,1341.390015,1261336.4156905538,1289410.4376197397,8
2020-03-04,1386.52002,1218005.839590303,1245115.4371767754,8
2020-03-05,1319.040039,1258984.6816989044,1287006.3602319653,8
2020-03-06,1298.410034,1197711.666398099,1224369.5692137354,8
2020-03-09,1215.560059,1178979.2572704097,1205220.2260642457,8
2020-03-10,1280.390015,1103750.0157884604,1128316.5800786223,8
2020-03-11,1215.410034,1162616.7615561946,1188493.544350338,8
2020-03-12,1114.910034,1103613.7904371151,1128177.3227102407,8
2020-03-13,1219.72998,1012358.0143317401,1034890.4337093069,8
2020-03-16,1084.329956,1107536.3777501828,1132187.2164713554,8
2020-03-17,1119.800049,984590.7630754925,1006505.1566742234,8
2020-03-18,1096.800049,1016798.2343714607,1039429.4813363506,8
2020-03-19,1115.290039,995913.8278995838,1018080.2430575299,8
2020-03-20,1072.319946,1012703.0655874508,1035243.1648959217,8
2020-03-23,1056.619995,973685.4617463052,995357.1320993964,8
2020-03-24,1134.459961,959429.6287779335,980784.001887883,8
2020-03-25,1102.48999,1030109.6935475454,1053037.2184856785,8
2020-03-26,1161.75,1001080.3948841491,1023361.8041967227,8
2020-03-27,1110.709961,1054889.5312479527,1078368.5900182573,8
2020-03-30,1146.819946,1008544.2738211508,1030991.8093934181,8
2020-03-31,1162.810059,1041332.7783617324,1064510.0995677502,8
2020-04-01,1105.619995,1055852.0835540472,1079352.5662000228,8
2020-04-02,1120.839966,1003922.4947397581,1026267.1616992835,8
2020-04-03,1097.880005,1017742.4973855919,1040394.7611547505,8
2020-04-06,1186.920044,996894.4470333118,1019082.6881868622,8
2020-04-07,1186.51001,1077744.3760223452,1101732.1233593181,8
2020-04-08,1210.280029,1077372.0579039413,1101351.5184215608,8
2020-04-09,1211.449951,1098955.6552361255,1123415.5097051736,8
2020-04-13,1217.560059,1100017.9650877947,1124501.4637723751,8
2020-04-14,1269.22998,1105566.0511338408,1130173.0355811284,8
2020-04-15,1262.469971,1152483.2525483526,1178134.4901583826,8
2020-04-16,1263.469971,1146345.044908807,1171859.6622058619,8
2020-04-17,1283.25,1147253.0625814972,1172787.889957115,8
2020-04-20,1266.609985,1165213.678479824,1191148.2617955056,8
2020-04-21,1216.339966,1150104.2507859922,1175702.5380912381,8
2020-04-22,1263.209961,1104458.1851275153,1129040.5113994188,8
2020-04-23,1276.310059,1147016.9689064212,1172546.5414595117,8
2020-04-24,1279.310059,1158912.0894043958,1184706.4159672465,8
2020-04-27,1275.880005,1161636.1424224668,1187491.0992210058,8
2020-04-28,1233.670044,1158521.5927721849,1184307.227909909,8
2020-04-29,1341.47998,1120194.2022206166,1145126.7707303993,8
2020-04-30,1348.660034,1218087.5294002264,1245198.945186417,8
2020-05-01,1320.609985,1224607.145323097,1251863.6705647125,8
2020-05-04,1326.800049,1199137.2051112684,1225826.836658904,8
2020-05-05,1351.109985,1204757.8926183523,1231572.6258457366,8
2020-05-06,1347.300049,1226831.7441283225,1254137.7830721228,8
2020-05-07,1372.560059,1223372.2549085033,1250601.2947464245,8
2020-05-08,1388.369995,1246308.7904008368,1274048.3370253546,8
2020-05-11,1403.26001,1260664.4916929395,1288723.5583660898,8
2020-05-12,1375.73999,1274184.8884595633,1302544.8835056643,8
2020-05-13,1349.329956,1249196.2239467727,1277000.0372266248,8
2020-05-14,1356.130005,1225215.4463384212,1252485.5107562875,8
2020-05-15,1373.189941,1231390.0110055811,1258797.5049479683,8
2020-05-18,1383.939941,1246880.7343885466,1274633.0109777697,8
2020-05-19,1373.484985,1256641.9243699673,1284611.4593037402,8
2020-05-20,1406.719971,1247148.6395547679,1274906.8790064103,8
2020-05-21,1402.800049,1277326.5941943824,1305756.5153241176,8
2020-05-22,1410.420044,1273767.2357428148,1302117.9349409703,8
2020-05-26,1417.02002,1280686.3258686266,1309191.0257643799,8
2020-05-27,1417.839966,1286679.2207159584,1315317.306645184,8
2020-05-28,1416.72998,1287423.7461746102,1316078.403276913,8
2020-05-29,1428.920044,1286415.8592701715,1315048.0834682107,8
2020-06-01,1431.819946,1297484.652813397,1326363.2391625617,8
2020-06-02,1439.219971,1300117.8150784671,1329055.008674876,8
2020-06-03,1436.380005,1306837.168556817,1335923.9172398425,8
2020-06-04,1412.180054,1304258.4292389774,1333287.7819860273,8
2020-06-05,1438.390015,1282284.4460527382,1310824.7158888627,8
2020-06-08,1446.609985,1306083.5538412617,1335153.5290483234,8
2020-06-09,1456.160034,1313547.4318702458,1342783.5333167913,8
2020-06-10,1465.849976,1322219.045137304,1351648.1538244179,8
2020-06-11,1403.839966,1331017.683720648,1360642.6268968505,8
2020-06-12,1413.180054,1274711.498756946,1303083.21475937,8
2020-06-15,1419.849976,1283192.4637254286,1311752.943640116,8
2020-06-16,1442.719971,1289248.8707768943,1317944.1503392092,8
2020-06-17,1451.119995,1310015.2304112331,1339172.7143692283,8
2020-06-18,1435.959961,1317642.6006542558,1346969.8497572201,8
2020-06-19,1431.719971,1303877.02186367,1332897.88548848,8
2020-06-22,1451.859985,1300027.0360116397,1328962.2091054444,8
2020-06-23,1464.410034,1318314.52465187,1347656.72901087,8
2020-06-24,1431.969971,1329710.190936999,1359306.0327722558,8
2020-06-25,1441.329956,1300254.0404298124,1329194.2660432577,8
2020-06-26,1359.900024,1308753.0722259285,1337882.4638715703,8
2020-06-29,1394.969971,1234813.2548839594,1262296.9412065197,8
2020-06-30,1413.609985,1266657.3865402713,1294849.839246894,8
2020-07-01,1438.040039,1283582.848671466,1312152.0175254398,8
2020-07-02,1464.699951,1305765.7694482442,1334828.6716128509,8
2020-07-06,1495.699951,1329973.4406966125,1359575.1417772158,8
2020-07-07,1485.180054,1358121.9885500115,1388350.202066061,8
2020-07-08,1496.0,1348569.7361591298,1378585.3417303371,8
2020-07-09,1510.98999,1358394.4383446847,1388628.7158745967,8
2020-07-10,1541.73999,1372005.6141781355,1402542.840583603,8
2020-07-13,1511.339966,1399927.1576133622,1431085.843934635,8
2020-07-14,1520.579956,1372323.398571153,1402867.6980190754,8
2020-07-15,1513.640015,1380713.4727866347,1411444.5131583763,8
2020-07-16,1518.0,1374411.8837112065,1405002.6673301172,8
2020-07-17,1515.550049,1378370.8271438712,1409049.7264021644,8
2020-07-20,1565.719971,1376146.2283386458,1406775.613894754,8
2020-07-21,1558.420044,1421701.4041521396,1453344.7277733563,8
2020-07-22,1568.48999,1415072.9414267906,1446568.7329498345,8
2020-07-23,1515.680054,1424216.6303578275,1455915.9362806545,8
2020-07-24,1511.869995,1376264.275176184,1406896.2881435556,8
2020-07-27,1530.199951,1372804.6742701912,1403359.6856458443,8
2020-07-28,1500.339966,1389448.5982578269,1420374.059484292,8
2020-07-29,1522.02002,1362335.2041715598,1392657.1927552915,8
2020-07-30,1531.449951,1382021.0763484396,1412781.2205267567,8
2020-07-31,1482.959961,1390583.6203486898,1421534.3441733585,8
2020-08-03,1474.449951,1346553.852480114,1376524.5897973743,8
2020-08-04,1464.969971,1338826.613005343,1368625.3623519333,8
2020-08-05,1473.609985,1330218.6236285921,1359825.781834609,8
2020-08-06,1500.099976,1338063.9090328838,1367845.6826006242,8
2020-08-07,1494.48999,1362117.2890102908,1392434.4273772682,8
2020-08-10,1496.099976,1357023.3225787457,1387227.0826879272,8
2020-08-11,1480.319946,1358485.2183195294,1388721.516372256,8
2020-08-12,1506.619995,1344156.6722039466,1374074.05461065,8
2020-08-13,1518.449951,1368037.5814885672,1398486.4899517656,8
2020-08-14,1507.72998,1378779.3906037158,1409467.3834070684,8
2020-08-17,1517.97998,1369045.4674849885,1399516.8088322403,8
2020-08-18,1558.599976,1378352.648630064,1409031.1432825844,8
2020-08-19,1547.530029,1415236.322862673,1446735.750825573,8
2020-08-20,1581.75,1405184.6153509282,1436460.3188152723,8
2020-08-21,1580.420044,1436256.9537778776,1468224.2455445477,8
2020-08-24,1588.199951,1435049.330225977,1466989.7434774023,8
2020-08-25,1608.219971,1442113.6232738642,1474211.2690569703,8
2020-08-26,1652.380005,1460292.1552414773,1492794.407201612,8
2020-08-27,1634.329956,1500390.2465400817,1533784.976256691,8
2020-08-28,1644.410034,1484000.483055156,1517030.4198634133,8
2020-08-31,1634.180054,1493153.3720212525,1526387.0279978088,8
2020-09-01,1660.709961,1483864.369389984,1516891.276667045,8
2020-09-02,1728.280029,1507953.9938008143,1541517.072582608,8
2020-09-03,1641.839966,1569308.8096896994,1604237.4848542653,8
2020-09-04,1591.040039,1490819.7048572367,1524001.4195576014,8
2020-09-08,1532.390015,1444692.4733698596,1476847.5175545712,8
2020-09-09,1556.959961,1391437.2150741497,1422406.9376661123,8
2020-09-10,1532.02002,1413747.1602591958,1445213.443390102,8
2020-09-11,1520.719971,1391101.2530753426,1422063.4980392875,8
2020-09-14,1519.280029,1380840.6088810763,1411574.478966968,8
